epoch,step,train_loss,val_acc,val_auc,val_bacc_opt,val_f1,val_mcc,val_opt_thr
0,1,,0.5,0.6740128397941589,0.5303030014038086,0.0,0.0,0.44999998807907104
0,1,0.17884561419487,,,,,,
