{
  "agent_A_classifier": {
    "accuracy": 0.4837,
    "f1": 0.4415,
    "auc": 0.5177,
    "ic": 0.0474,
    "brier": 0.254441,
    "threshold": 0.51,
    "quintile_mean_returns_bp": {
      "q1": 0.2756,
      "q2": 1.9895,
      "q3": -1.0158,
      "q4": -1.0069,
      "q5": -1.958
    },
    "quintile_spread_bp": -2.2335,
    "confidence_buckets": {
      "conf>=0.0": {
        "accuracy": 0.4837,
        "f1": 0.4415,
        "coverage": 1.0,
        "n": 14967
      },
      "conf>=0.2": {
        "accuracy": 0.4755,
        "f1": 0.0,
        "coverage": 0.0981,
        "n": 1468
      }
    },
    "n_params": 519032
  },
  "agent_B_classifier": {
    "accuracy": 0.4672,
    "f1": 0.5079,
    "auc": 0.5309,
    "ic": 0.0559,
    "brier": 0.251185,
    "threshold": 0.49,
    "quintile_mean_returns_bp": {
      "q1": 0.7975,
      "q2": 0.6881,
      "q3": -0.5469,
      "q4": -0.844,
      "q5": -1.81
    },
    "quintile_spread_bp": -2.6075,
    "confidence_buckets": {
      "conf>=0.0": {
        "accuracy": 0.4672,
        "f1": 0.5079,
        "coverage": 1.0,
        "n": 14967
      }
    },
    "n_params": 435523
  },
  "agent_K_classifier": {
    "accuracy": 0.483,
    "f1": 0.0264,
    "auc": 0.5029,
    "ic": 0.0104,
    "brier": 0.250306,
    "threshold": 0.5,
    "quintile_mean_returns_bp": {
      "q1": -1.5274,
      "q2": 0.543,
      "q3": -0.4782,
      "q4": 0.2106,
      "q5": -0.4625
    },
    "quintile_spread_bp": 1.065,
    "confidence_buckets": {
      "conf>=0.0": {
        "accuracy": 0.483,
        "f1": 0.0264,
        "coverage": 1.0,
        "n": 14967
      }
    },
    "n_params": 231076
  },
  "agent_C_classifier": {
    "accuracy": 0.4834,
    "f1": 0.0395,
    "auc": 0.5251,
    "ic": 0.0394,
    "brier": 0.249616,
    "threshold": 0.54,
    "quintile_mean_returns_bp": {
      "q1": -0.2957,
      "q2": -1.0703,
      "q3": 0.6345,
      "q4": -2.0742,
      "q5": 1.0914
    },
    "quintile_spread_bp": 1.387,
    "confidence_buckets": {
      "conf>=0.0": {
        "accuracy": 0.4834,
        "f1": 0.0395,
        "coverage": 1.0,
        "n": 14967
      }
    },
    "n_params": 545328
  },
  "agent_T_classifier": {
    "accuracy": 0.5178,
    "f1": 0.6823,
    "auc": 0.4894,
    "ic": -0.0247,
    "brier": 0.249809,
    "threshold": 0.3,
    "quintile_mean_returns_bp": {
      "q1": -1.8118,
      "q2": -0.6785,
      "q3": 1.6004,
      "q4": -0.2286,
      "q5": -0.5954
    },
    "quintile_spread_bp": 1.2164,
    "confidence_buckets": {
      "conf>=0.0": {
        "accuracy": 0.5178,
        "f1": 0.6823,
        "coverage": 1.0,
        "n": 14967
      }
    },
    "n_params": 161500
  },
  "agent_Q_classifier": {
    "accuracy": 0.5178,
    "f1": 0.6823,
    "auc": 0.5022,
    "ic": -0.017,
    "brier": 0.249882,
    "threshold": 0.43,
    "quintile_mean_returns_bp": {
      "q1": 0.7291,
      "q2": -2.7846,
      "q3": 0.1557,
      "q4": 0.4011,
      "q5": -0.2154
    },
    "quintile_spread_bp": -0.9445,
    "confidence_buckets": {
      "conf>=0.0": {
        "accuracy": 0.5178,
        "f1": 0.6823,
        "coverage": 1.0,
        "n": 14967
      }
    },
    "n_params": 183692
  },
  "agent_2D_classifier": {
    "accuracy": 0.5178,
    "f1": 0.6823,
    "auc": 0.5157,
    "ic": 0.0271,
    "brier": 0.250278,
    "threshold": 0.3,
    "quintile_mean_returns_bp": {
      "q1": 0.033,
      "q2": -1.0237,
      "q3": -1.1943,
      "q4": 1.1685,
      "q5": -0.698
    },
    "quintile_spread_bp": -0.731,
    "confidence_buckets": {
      "conf>=0.0": {
        "accuracy": 0.5178,
        "f1": 0.6823,
        "coverage": 1.0,
        "n": 14967
      }
    },
    "n_params": 678469
  }
}