{
  "best_method": "vix_gated",
  "agents_used": [
    "A",
    "B",
    "C",
    "K",
    "T",
    "Q",
    "2D"
  ],
  "n_val": 53600,
  "n_test": 53600,
  "meta_input_dim": 13,
  "enable_vix_gated": true,
  "vix_data_root": "/workspace/data/tier3_vix_v4/VIXW",
  "val_selection_scores": {
    "avg_agents": 1.2834324764246166,
    "logreg_C=0.01": 1.2821666928963629,
    "logreg_C=0.1": 1.278625571648413,
    "mlp": 1.2653981600694018,
    "vix_gated": 1.3026090400369352
  },
  "all_results": {
    "avg_agents": {
      "name": "Simple Avg (7 agents)",
      "val": {
        "accuracy": 0.5851119402985074,
        "f1": 0.698320536126109,
        "brier": 0.23877796530723572,
        "threshold": 0.46000000000000013,
        "auc": 0.6533085434070532,
        "ic": 0.2651879585428792
      },
      "test": {
        "accuracy": 0.6369216417910448,
        "f1": 0.675828294438059,
        "brier": 0.2350458800792694,
        "threshold": 0.46000000000000013,
        "auc": 0.6852503318218889,
        "ic": 0.3205270726857319
      }
    },
    "logreg_C=0.01": {
      "name": "LogReg (C=0.01)",
      "val": {
        "accuracy": 0.5846641791044777,
        "f1": 0.6975025137918852,
        "brier": 0.23258289042910124,
        "threshold": 0.36000000000000004,
        "auc": 0.6531332518710943,
        "ic": 0.26488474514091104
      },
      "test": {
        "accuracy": 0.6380410447761194,
        "f1": 0.6672954572736782,
        "brier": 0.23389581498542714,
        "threshold": 0.36000000000000004,
        "auc": 0.6844004439765684,
        "ic": 0.31905656485535433
      }
    },
    "logreg_C=0.1": {
      "name": "LogReg (C=0.1)",
      "val": {
        "accuracy": 0.578115671641791,
        "f1": 0.700509900006622,
        "brier": 0.23123192140023513,
        "threshold": 0.32,
        "auc": 0.6566832986149455,
        "ic": 0.271025496515896
      },
      "test": {
        "accuracy": 0.6335820895522388,
        "f1": 0.6981062469257255,
        "brier": 0.23157148907095437,
        "threshold": 0.32,
        "auc": 0.6868170028868221,
        "ic": 0.32323778572472545
      }
    },
    "mlp": {
      "name": "MLP",
      "val": {
        "accuracy": 0.5697574626865671,
        "f1": 0.6956406973828346,
        "brier": 0.24503830075263977,
        "threshold": 0.47000000000000014,
        "auc": 0.6439146148610871,
        "ic": 0.24893865715876523
      },
      "test": {
        "accuracy": 0.6216977611940299,
        "f1": 0.6842424903063051,
        "brier": 0.24394622445106506,
        "threshold": 0.47000000000000014,
        "auc": 0.6728792222793312,
        "ic": 0.2991221149875714
      }
    },
    "vix_gated": {
      "name": "VIX Regime-Gated Fusion",
      "val": {
        "accuracy": 0.5824067164179104,
        "f1": 0.7020565723793677,
        "brier": 0.23215137422084808,
        "threshold": 0.34,
        "auc": 0.6591887428229158,
        "ic": 0.27535932958325054
      },
      "test": {
        "accuracy": 0.6271828358208955,
        "f1": 0.6971951570621127,
        "brier": 0.2328934371471405,
        "threshold": 0.34,
        "auc": 0.6813536594076741,
        "ic": 0.3137849039130693
      },
      "val_monitor": {
        "accuracy": 0.5906716417910448,
        "f1": 0.7119373982458904,
        "brier": 0.23712517321109772,
        "threshold": 0.34,
        "auc": 0.6442246891674182,
        "ic": 0.24891784403073788
      },
      "gate_means_test": {
        "A": 0.9521751403808594,
        "B": 0.9537541270256042,
        "C": 0.9617328643798828,
        "K": 0.950210690498352,
        "T": 0.9598461985588074,
        "Q": 0.9529582262039185,
        "2D": 0.05173727869987488
      }
    }
  }
}