{
  "A": {
    "accuracy": 0.5,
    "f1": 0.6666666666666666,
    "brier": 0.25008678436279297,
    "threshold": 0.3,
    "auc": 0.47186279296875,
    "ic": -0.04873545269926926
  }
}