{
  "agent_A_classifier": {
    "accuracy": 0.5344,
    "f1": 0.6934,
    "auc": 0.552,
    "ic": 0.1359,
    "brier": 0.246632,
    "threshold": 0.4,
    "quintile_mean_returns_bp": {
      "q1": -5.4649,
      "q2": -1.608,
      "q3": 0.8682,
      "q4": -0.2498,
      "q5": 9.8619
    },
    "quintile_spread_bp": 15.3268,
    "confidence_buckets": {
      "conf>=0.0": {
        "accuracy": 0.5344,
        "f1": 0.6934,
        "coverage": 1.0,
        "n": 85146
      },
      "conf>=0.2": {
        "accuracy": 0.6965,
        "f1": 0.8011,
        "coverage": 0.092,
        "n": 7835
      }
    },
    "n_params": 519032
  },
  "agent_B_classifier": {
    "accuracy": 0.5384,
    "f1": 0.6949,
    "auc": 0.5608,
    "ic": 0.1348,
    "brier": 0.246738,
    "threshold": 0.47,
    "quintile_mean_returns_bp": {
      "q1": -9.5375,
      "q2": 0.3719,
      "q3": 1.8829,
      "q4": 2.3823,
      "q5": 8.308
    },
    "quintile_spread_bp": 17.8455,
    "confidence_buckets": {
      "conf>=0.0": {
        "accuracy": 0.5384,
        "f1": 0.6949,
        "coverage": 1.0,
        "n": 85146
      },
      "conf>=0.2": {
        "accuracy": 0.6472,
        "f1": 0.7724,
        "coverage": 0.0308,
        "n": 2625
      },
      "conf>=0.4": {
        "accuracy": 0.8679,
        "f1": 0.9293,
        "coverage": 0.0006,
        "n": 53
      }
    },
    "n_params": 435523
  },
  "agent_K_classifier": {
    "accuracy": 0.5407,
    "f1": 0.695,
    "auc": 0.5589,
    "ic": 0.1402,
    "brier": 0.245954,
    "threshold": 0.43,
    "quintile_mean_returns_bp": {
      "q1": -8.243,
      "q2": -0.6268,
      "q3": 1.5521,
      "q4": 1.4478,
      "q5": 9.2776
    },
    "quintile_spread_bp": 17.5206,
    "confidence_buckets": {
      "conf>=0.0": {
        "accuracy": 0.5407,
        "f1": 0.695,
        "coverage": 1.0,
        "n": 85146
      },
      "conf>=0.2": {
        "accuracy": 0.7309,
        "f1": 0.7942,
        "coverage": 0.0524,
        "n": 4463
      },
      "conf>=0.4": {
        "accuracy": 0.6742,
        "f1": 0.5353,
        "coverage": 0.0057,
        "n": 485
      },
      "conf>=0.6": {
        "accuracy": 1.0,
        "f1": 1.0,
        "coverage": 0.0008,
        "n": 71
      }
    },
    "n_params": 231076
  },
  "agent_C_classifier": {
    "accuracy": 0.5363,
    "f1": 0.6927,
    "auc": 0.5186,
    "ic": 0.0497,
    "brier": 0.248666,
    "threshold": 0.49,
    "quintile_mean_returns_bp": {
      "q1": -2.3607,
      "q2": 1.0834,
      "q3": 0.4148,
      "q4": 1.7589,
      "q5": 2.511
    },
    "quintile_spread_bp": 4.8717,
    "confidence_buckets": {
      "conf>=0.0": {
        "accuracy": 0.5363,
        "f1": 0.6927,
        "coverage": 1.0,
        "n": 85146
      }
    },
    "n_params": 545328
  },
  "agent_T_classifier": {
    "accuracy": 0.5349,
    "f1": 0.6872,
    "auc": 0.5183,
    "ic": 0.0444,
    "brier": 0.249464,
    "threshold": 0.44,
    "quintile_mean_returns_bp": {
      "q1": -3.1617,
      "q2": 0.2809,
      "q3": 1.0208,
      "q4": 0.9385,
      "q5": 4.3288
    },
    "quintile_spread_bp": 7.4905,
    "confidence_buckets": {
      "conf>=0.0": {
        "accuracy": 0.5349,
        "f1": 0.6872,
        "coverage": 1.0,
        "n": 85146
      },
      "conf>=0.2": {
        "accuracy": 0.715,
        "f1": 0.6289,
        "coverage": 0.0194,
        "n": 1656
      },
      "conf>=0.4": {
        "accuracy": 0.7567,
        "f1": 0.0,
        "coverage": 0.0061,
        "n": 522
      }
    },
    "n_params": 161500
  },
  "agent_Q_classifier": {
    "accuracy": 0.5379,
    "f1": 0.6947,
    "auc": 0.561,
    "ic": 0.1425,
    "brier": 0.245485,
    "threshold": 0.41,
    "quintile_mean_returns_bp": {
      "q1": -7.7535,
      "q2": -0.4711,
      "q3": 0.3735,
      "q4": 1.8651,
      "q5": 9.3936
    },
    "quintile_spread_bp": 17.1471,
    "confidence_buckets": {
      "conf>=0.0": {
        "accuracy": 0.5379,
        "f1": 0.6947,
        "coverage": 1.0,
        "n": 85146
      },
      "conf>=0.2": {
        "accuracy": 0.687,
        "f1": 0.7822,
        "coverage": 0.084,
        "n": 7153
      },
      "conf>=0.4": {
        "accuracy": 0.8182,
        "f1": 0.8769,
        "coverage": 0.001,
        "n": 88
      }
    },
    "n_params": 183692
  },
  "agent_2D_classifier": {
    "accuracy": 0.5294,
    "f1": 0.6923,
    "auc": 0.5365,
    "ic": 0.0645,
    "brier": 0.248374,
    "threshold": 0.3,
    "quintile_mean_returns_bp": {
      "q1": -4.7968,
      "q2": 0.1164,
      "q3": 2.9338,
      "q4": 2.8874,
      "q5": 2.2666
    },
    "quintile_spread_bp": 7.0633,
    "confidence_buckets": {
      "conf>=0.0": {
        "accuracy": 0.5294,
        "f1": 0.6923,
        "coverage": 1.0,
        "n": 85146
      }
    },
    "n_params": 678469
  }
}