{
  "best_method": "avg_agents",
  "agents_used": [
    "A",
    "B",
    "C",
    "K",
    "T",
    "Q",
    "2D"
  ],
  "n_val": 14068,
  "n_test": 14069,
  "meta_input_dim": 13,
  "enable_vix_gated": true,
  "vix_data_root": "/workspace/data/tier3_vix_v4/VIXW",
  "val_selection_scores": {
    "avg_agents": 1.2275185827558894,
    "logreg_C=0.01": 1.2274152640723026,
    "logreg_C=0.1": 1.2274152640723026,
    "mlp": 1.2274152640723026,
    "vix_gated": 1.1567143452636286
  },
  "all_results": {
    "avg_agents": {
      "name": "Simple Avg (7 agents)",
      "val": {
        "accuracy": 0.5325561558146147,
        "f1": 0.6949624269412747,
        "brier": 0.2503854036331177,
        "threshold": 0.39000000000000007,
        "auc": 0.5211552733078488,
        "ic": 0.03656459137638768
      },
      "test": {
        "accuracy": 0.5139668775321629,
        "f1": 0.6789671361502347,
        "brier": 0.25431182980537415,
        "threshold": 0.39000000000000007,
        "auc": 0.5012417793963294,
        "ic": 0.002149985709405256
      }
    },
    "logreg_C=0.01": {
      "name": "LogReg (C=0.01)",
      "val": {
        "accuracy": 0.5324850725049758,
        "f1": 0.6949301915673268,
        "brier": 0.24940504005515465,
        "threshold": 0.3,
        "auc": 0.5264202197976886,
        "ic": 0.045664479341349644
      },
      "test": {
        "accuracy": 0.5139668775321629,
        "f1": 0.6789671361502347,
        "brier": 0.25041636051380317,
        "threshold": 0.3,
        "auc": 0.49001326266223444,
        "ic": -0.017290786609773626
      }
    },
    "logreg_C=0.1": {
      "name": "LogReg (C=0.1)",
      "val": {
        "accuracy": 0.5324850725049758,
        "f1": 0.6949301915673268,
        "brier": 0.2488855197946906,
        "threshold": 0.3,
        "auc": 0.5333116073990527,
        "ic": 0.057575494055286856
      },
      "test": {
        "accuracy": 0.5139668775321629,
        "f1": 0.6789671361502347,
        "brier": 0.2510014179956359,
        "threshold": 0.3,
        "auc": 0.48635655548409207,
        "ic": -0.023621917726298427
      }
    },
    "mlp": {
      "name": "MLP",
      "val": {
        "accuracy": 0.5324850725049758,
        "f1": 0.6949301915673268,
        "brier": 0.24953921139240265,
        "threshold": 0.3,
        "auc": 0.5253627854515074,
        "ic": 0.04383681900959593
      },
      "test": {
        "accuracy": 0.5139668775321629,
        "f1": 0.6789671361502347,
        "brier": 0.24994972348213196,
        "threshold": 0.3,
        "auc": 0.500973241732557,
        "ic": 0.0016850463337339473
      }
    },
    "vix_gated": {
      "name": "VIX Regime-Gated Fusion",
      "val": {
        "accuracy": 0.5324850725049758,
        "f1": 0.6949301915673268,
        "brier": 0.25010478496551514,
        "threshold": 0.3,
        "auc": 0.5279599317264951,
        "ic": 0.048325705208593625
      },
      "test": {
        "accuracy": 0.5139668775321629,
        "f1": 0.6789671361502347,
        "brier": 0.25005728006362915,
        "threshold": 0.3,
        "auc": 0.49177906262922033,
        "ic": -0.014233525177056785
      },
      "val_monitor": {
        "accuracy": 0.49473983508672165,
        "f1": 0.661974510176907,
        "brier": 0.24993641674518585,
        "threshold": 0.3,
        "auc": 0.57534993758045,
        "ic": 0.1305027130650908
      },
      "gate_means_test": {
        "A": 0.5407420992851257,
        "B": 0.5366088151931763,
        "C": 0.4491901397705078,
        "K": 0.4864465594291687,
        "T": 0.5272921323776245,
        "Q": 0.48131582140922546,
        "2D": 0.5439846515655518
      }
    }
  }
}