epoch,step,train_loss,val_acc,val_auc,val_bacc_opt,val_f1,val_mcc,val_opt_thr
0,1,,0.740234375,0.4849822521209717,0.5,0.8507295250892639,0.0,0.5
0,1,0.2261652648448944,,,,,,
