epoch,step,train_loss,val_acc,val_auc,val_bacc_opt,val_f1,val_mcc,val_opt_thr
0,1,,0.740234375,0.47410082817077637,0.5,0.8507295250892639,0.0,0.5
0,1,0.22662582993507385,,,,,,
