epoch,lr-AdamW,step,train_base_loss,train_deg_penalty,train_loss,train_pred_pos_rate,val_acc,val_auc,val_bacc_opt,val_f1,val_mcc,val_opt_thr,val_pos_out_of_band,val_pred_pos_rate
,1.2604809722844429e-05,49,,,,,,,,,,,,
,1.2604809722844429e-05,49,,,,,,,,,,,,
,1.2604809722844429e-05,49,,,,,,,,,,,,
,1.2604809722844429e-05,49,,,,,,,,,,,,
0,,69,,,,,0.528294563293457,0.5052244067192078,0.5,0.6913517713546753,0.0,0.5,1.0,1.0
0,,69,0.4907259941101074,0.0037303501740098,0.491845041513443,0.43991681933403015,,,,,,,,
,1.446353663957944e-05,99,,,,,,,,,,,,
,1.446353663957944e-05,99,,,,,,,,,,,,
,1.446353663957944e-05,99,,,,,,,,,,,,
,1.446353663957944e-05,99,,,,,,,,,,,,
1,,139,,,,,0.528294563293457,0.5033993721008301,0.5,0.6913517713546753,0.0,0.5,1.0,1.0
1,,139,0.49040403962135315,0.0,0.49040403962135315,0.5469874143600464,,,,,,,,
,1.756017594730058e-05,149,,,,,,,,,,,,
,1.756017594730058e-05,149,,,,,,,,,,,,
,1.756017594730058e-05,149,,,,,,,,,,,,
,1.756017594730058e-05,149,,,,,,,,,,,,
,2.1867643684190217e-05,199,,,,,,,,,,,,
,2.1867643684190217e-05,199,,,,,,,,,,,,
,2.1867643684190217e-05,199,,,,,,,,,,,,
,2.1867643684190217e-05,199,,,,,,,,,,,,
2,,209,,,,,0.528294563293457,0.511236846446991,0.5,0.6913517713546753,0.0,0.5,1.0,1.0
2,,209,0.49025610089302063,0.0,0.49025610089302063,0.521926999092102,,,,,,,,
