{
  "best_method": "logreg_C=0.01",
  "agents_used": [
    "A",
    "B",
    "C",
    "K",
    "T",
    "Q",
    "2D"
  ],
  "n_val": 69528,
  "n_test": 69529,
  "meta_input_dim": 13,
  "enable_vix_gated": true,
  "vix_data_root": "/workspace/data/tier3_vix_v4/VIXW",
  "val_selection_scores": {
    "avg_agents": 1.3044961433534943,
    "logreg_C=0.01": 1.3303426995867431,
    "logreg_C=0.1": 1.3285813705816103,
    "mlp": 1.3046187244335252,
    "vix_gated": 1.3209153144704944
  },
  "all_results": {
    "avg_agents": {
      "name": "Simple Avg (7 agents)",
      "val": {
        "accuracy": 0.5900644344724427,
        "f1": 0.7144317088810516,
        "brier": 0.23423153162002563,
        "threshold": 0.4400000000000001,
        "auc": 0.6757758991879905,
        "ic": 0.3037366618608896
      },
      "test": {
        "accuracy": 0.6370866832544694,
        "f1": 0.7188993482983346,
        "brier": 0.22676075994968414,
        "threshold": 0.4400000000000001,
        "auc": 0.7180826646825036,
        "ic": 0.37711431859824024
      }
    },
    "logreg_C=0.01": {
      "name": "LogReg (C=0.01)",
      "val": {
        "accuracy": 0.6167155678287884,
        "f1": 0.7136271317579548,
        "brier": 0.22586446998995116,
        "threshold": 0.36000000000000004,
        "auc": 0.6780252151783823,
        "ic": 0.3076234275277376
      },
      "test": {
        "accuracy": 0.6602856362093515,
        "f1": 0.6943502678640752,
        "brier": 0.2225782517115512,
        "threshold": 0.36000000000000004,
        "auc": 0.7179343600821171,
        "ic": 0.3768578663547598
      }
    },
    "logreg_C=0.1": {
      "name": "LogReg (C=0.1)",
      "val": {
        "accuracy": 0.6136664365435508,
        "f1": 0.7149149340380595,
        "brier": 0.22489794613863406,
        "threshold": 0.34,
        "auc": 0.6802357688722347,
        "ic": 0.3114432128505952
      },
      "test": {
        "accuracy": 0.6622272720735233,
        "f1": 0.7091388727196165,
        "brier": 0.22043830935222572,
        "threshold": 0.34,
        "auc": 0.7211570781329426,
        "ic": 0.38243067574580514
      }
    },
    "mlp": {
      "name": "MLP",
      "val": {
        "accuracy": 0.5925957887469796,
        "f1": 0.7120229356865456,
        "brier": 0.24073249101638794,
        "threshold": 0.47000000000000014,
        "auc": 0.6769524904135176,
        "ic": 0.30576978411508776
      },
      "test": {
        "accuracy": 0.6479886090695969,
        "f1": 0.7071352502662407,
        "brier": 0.2378179132938385,
        "threshold": 0.47000000000000014,
        "auc": 0.7149400179583442,
        "ic": 0.3716799706736617
      }
    },
    "vix_gated": {
      "name": "VIX Regime-Gated Fusion",
      "val": {
        "accuracy": 0.5789609941318605,
        "f1": 0.711824696802646,
        "brier": 0.24054934084415436,
        "threshold": 0.4400000000000001,
        "auc": 0.6780091954022263,
        "ic": 0.30759574573071663
      },
      "test": {
        "accuracy": 0.6100188410591264,
        "f1": 0.7161654332101621,
        "brier": 0.23759286105632782,
        "threshold": 0.4400000000000001,
        "auc": 0.7221009682938747,
        "ic": 0.3840628756113898
      },
      "val_monitor": {
        "accuracy": 0.5941778851685652,
        "f1": 0.7267374293019292,
        "brier": 0.24201324582099915,
        "threshold": 0.4400000000000001,
        "auc": 0.6679389579460193,
        "ic": 0.2888407923289173
      },
      "gate_means_test": {
        "A": 0.9995714426040649,
        "B": 0.9997014999389648,
        "C": 0.0028551078867167234,
        "K": 0.999272346496582,
        "T": 0.0031429713126271963,
        "Q": 0.9998750686645508,
        "2D": 0.0026287504006177187
      }
    }
  }
}