{
  "best_method": "logreg_C=0.1",
  "agents_used": [
    "A",
    "B",
    "C",
    "K",
    "T",
    "Q",
    "2D"
  ],
  "n_val": 6441,
  "n_test": 10132,
  "meta_input_dim": 13,
  "enable_vix_gated": true,
  "vix_data_root": "/workspace/data/tier3_vix_v4/VIXW",
  "val_selection_scores": {
    "avg_agents": 1.2326222994844958,
    "logreg_C=0.01": 1.2342469778570941,
    "logreg_C=0.1": 1.2415962746372102,
    "mlp": 1.2315129343764424,
    "vix_gated": 1.1211816991989993
  },
  "all_results": {
    "avg_agents": {
      "name": "Simple Avg (7 agents)",
      "val": {
        "accuracy": 0.5356311131811831,
        "f1": 0.6969911863033127,
        "brier": 0.2446253001689911,
        "threshold": 0.4300000000000001,
        "auc": 0.5909648518049603,
        "ic": 0.1571758755702935
      },
      "test": {
        "accuracy": 0.47463482037110144,
        "f1": 0.6435411504721088,
        "brier": 0.2539810538291931,
        "threshold": 0.4300000000000001,
        "auc": 0.47925433672333334,
        "ic": -0.03588663536364521
      }
    },
    "logreg_C=0.01": {
      "name": "LogReg (C=0.01)",
      "val": {
        "accuracy": 0.5373389225275579,
        "f1": 0.6969080553295363,
        "brier": 0.24474451884885884,
        "threshold": 0.4200000000000001,
        "auc": 0.6006662876581575,
        "ic": 0.17393874213730193
      },
      "test": {
        "accuracy": 0.4755230951440979,
        "f1": 0.6437860302989676,
        "brier": 0.2522074029428376,
        "threshold": 0.4200000000000001,
        "auc": 0.4837469852125996,
        "ic": -0.028115081566346532
      }
    },
    "logreg_C=0.1": {
      "name": "LogReg (C=0.1)",
      "val": {
        "accuracy": 0.543859649122807,
        "f1": 0.6977366255144033,
        "brier": 0.2416218468079454,
        "threshold": 0.36000000000000004,
        "auc": 0.6079625889923993,
        "ic": 0.18654583738096842
      },
      "test": {
        "accuracy": 0.4676273193841295,
        "f1": 0.6341562669560499,
        "brier": 0.25652836245399785,
        "threshold": 0.36000000000000004,
        "auc": 0.48311640927198995,
        "ic": -0.029205875750436167
      }
    },
    "mlp": {
      "name": "MLP",
      "val": {
        "accuracy": 0.5346995808104331,
        "f1": 0.6968133535660092,
        "brier": 0.24898219108581543,
        "threshold": 0.3,
        "auc": 0.6004105150446614,
        "ic": 0.17349679923461533
      },
      "test": {
        "accuracy": 0.47473351756810106,
        "f1": 0.6438227814214964,
        "brier": 0.25040730834007263,
        "threshold": 0.3,
        "auc": 0.48339339469553677,
        "ic": -0.028726735879468366
      }
    },
    "vix_gated": {
      "name": "VIX Regime-Gated Fusion",
      "val": {
        "accuracy": 0.5346995808104331,
        "f1": 0.6968133535660092,
        "brier": 0.25036415457725525,
        "threshold": 0.3,
        "auc": 0.4442399716789961,
        "ic": -0.09634634889559732
      },
      "test": {
        "accuracy": 0.47473351756810106,
        "f1": 0.6438227814214964,
        "brier": 0.24977581202983856,
        "threshold": 0.3,
        "auc": 0.5201923174583829,
        "ic": 0.03492943701468772
      },
      "val_monitor": {
        "accuracy": 0.4761018001241465,
        "f1": 0.6450798990748529,
        "brier": 0.24977728724479675,
        "threshold": 0.3,
        "auc": 0.5266193762860162,
        "ic": 0.046053428490520645
      },
      "gate_means_test": {
        "A": 0.2987609803676605,
        "B": 0.5544201731681824,
        "C": 0.49513643980026245,
        "K": 0.6424082517623901,
        "T": 0.3129325211048126,
        "Q": 0.29646265506744385,
        "2D": 0.5092408061027527
      }
    }
  }
}