{
  "n_rows": 5850,
  "feature_dim": 311,
  "live_features": 169,
  "dead_features": 142,
  "groups": {
    "vanna_charm": {
      "start": 105,
      "end": 125,
      "total": 20,
      "live": 14,
      "dead": 6,
      "avg_nonzero_ratio": 0.7
    },
    "iv_surface": {
      "start": 125,
      "end": 150,
      "total": 25,
      "live": 8,
      "dead": 17,
      "avg_nonzero_ratio": 0.32
    },
    "flow_volume": {
      "start": 150,
      "end": 180,
      "total": 30,
      "live": 15,
      "dead": 15,
      "avg_nonzero_ratio": 0.5825641025641026
    },
    "microstructure": {
      "start": 180,
      "end": 200,
      "total": 20,
      "live": 18,
      "dead": 2,
      "avg_nonzero_ratio": 0.7497264957264957
    },
    "walls": {
      "start": 200,
      "end": 220,
      "total": 20,
      "live": 5,
      "dead": 15,
      "avg_nonzero_ratio": 0.25
    },
    "cross_strike": {
      "start": 220,
      "end": 235,
      "total": 15,
      "live": 4,
      "dead": 11,
      "avg_nonzero_ratio": 0.3333333333333333
    },
    "time_decay": {
      "start": 235,
      "end": 250,
      "total": 15,
      "live": 3,
      "dead": 12,
      "avg_nonzero_ratio": 0.26666666666666666
    },
    "sentiment": {
      "start": 250,
      "end": 270,
      "total": 20,
      "live": 5,
      "dead": 15,
      "avg_nonzero_ratio": 0.4
    },
    "csv_derived": {
      "start": 270,
      "end": 286,
      "total": 16,
      "live": 12,
      "dead": 4,
      "avg_nonzero_ratio": 0.7481089743589744
    },
    "ohlc": {
      "start": 286,
      "end": 311,
      "total": 25,
      "live": 11,
      "dead": 14,
      "avg_nonzero_ratio": 0.40635897435897433
    }
  },
  "dead_feature_indices": [
    0,
    1,
    2,
    3,
    4,
    5,
    6,
    7,
    8,
    9,
    10,
    11,
    12,
    21,
    22,
    25,
    34,
    35,
    38,
    47,
    48,
    51,
    60,
    61,
    64,
    72,
    74,
    96,
    97,
    98,
    101,
    105,
    110,
    116,
    117,
    119,
    120,
    125,
    126,
    130,
    131,
    133,
    134,
    135,
    136,
    137,
    138,
    139,
    141,
    145,
    146,
    147,
    148,
    149,
    150,
    151,
    152,
    153,
    154,
    155,
    156,
    157,
    158,
    159,
    167,
    168,
    169,
    174,
    175,
    194,
    195,
    200,
    201,
    202,
    203,
    204,
    205,
    206,
    207,
    208,
    209,
    210,
    211,
    212,
    213,
    216,
    220,
    221,
    222,
    223,
    224,
    225,
    230,
    231,
    232,
    233,
    234,
    235,
    236,
    237,
    238,
    239,
    243,
    244,
    245,
    246,
    247,
    248,
    249,
    250,
    251,
    252,
    253,
    256,
    257,
    258,
    259,
    260,
    261,
    262,
    263,
    264,
    265,
    266,
    277,
    279,
    282,
    283,
    287,
    288,
    298,
    299,
    300,
    301,
    302,
    303,
    304,
    305,
    306,
    307,
    309,
    310
  ],
  "dead_feature_names": [
    "deep_otm_delta",
    "deep_otm_gamma",
    "deep_otm_vega",
    "deep_otm_theta",
    "deep_otm_lambda",
    "deep_otm_vanna",
    "deep_otm_charm",
    "deep_otm_implied_vol",
    "deep_otm_open_interest",
    "deep_otm_moneyness",
    "deep_otm_bid",
    "deep_otm_ask",
    "deep_otm_mid",
    "otm_open_interest",
    "otm_moneyness",
    "otm_mid",
    "atm_open_interest",
    "atm_moneyness",
    "atm_mid",
    "itm_open_interest",
    "itm_moneyness",
    "itm_mid",
    "deep_itm_open_interest",
    "deep_itm_moneyness",
    "deep_itm_mid",
    "call_put_iv_diff",
    "put_skew_intensity",
    "call_gamma",
    "put_gamma",
    "net_gamma",
    "dist_to_gamma_flip",
    "deep_otm_vanna",
    "deep_otm_charm",
    "call_vanna",
    "put_vanna",
    "call_charm",
    "put_charm",
    "iv_moneyness_neg30pct",
    "iv_moneyness_neg15pct",
    "iv_moneyness_15pct",
    "iv_moneyness_30pct",
    "iv_1m",
    "iv_2m",
    "iv_3m",
    "iv_6m",
    "put_skew",
    "call_skew",
    "term_skew",
    "skew_asymmetry",
    "pc_iv_diff_1w",
    "pc_iv_diff_1m",
    "pc_iv_diff_2m",
    "pc_iv_diff_3m",
    "pc_iv_diff_6m",
    "call_put_vol_ratio",
    "call_put_oi_ratio",
    "call_put_premium_ratio",
    "net_cp_bias",
    "passive_volume",
    "aggressive_volume",
    "sweep_volume",
    "aggression_ratio",
    "call_aggression",
    "put_aggression",
    "buy_volume",
    "sell_volume",
    "buy_sell_imbalance",
    "dark_pool_pct",
    "lit_pct",
    "effective_spread",
    "realized_spread",
    "call_max_gamma_strike",
    "put_max_gamma_strike",
    "call_max_oi_strike",
    "put_max_oi_strike",
    "call_oi_at_max",
    "put_oi_at_max",
    "dist_to_call_wall",
    "dist_to_put_wall",
    "call_wall_strength",
    "put_wall_strength",
    "combined_wall_strength",
    "pinning_prob",
    "breakout_prob",
    "wall_asymmetry",
    "dealer_long_short_ratio",
    "oi_concentration",
    "vol_concentration_gini",
    "oi_skewness",
    "vol_skewness",
    "oi_vol_corr",
    "oi_vol_divergence",
    "strike_uniformity",
    "atm_clustering",
    "liquidity_decay",
    "otm_put_liquidity",
    "otm_call_liquidity",
    "oi_0_7d",
    "oi_8_30d",
    "oi_31_60d",
    "oi_61_90d",
    "oi_90plus",
    "weighted_theta",
    "weighted_charm",
    "near_term_oi_conc",
    "near_term_vol_conc",
    "near_term_gamma_conc",
    "days_to_major_exp",
    "days_to_opex",
    "cp_sentiment",
    "premium_sentiment",
    "flow_sentiment",
    "iv_percentile",
    "vol_regime",
    "momentum_1d",
    "momentum_5d",
    "momentum_20d",
    "trend_strength",
    "stress_indicator",
    "fear_indicator",
    "spx_corr",
    "vix_corr",
    "sector_corr",
    "beta_to_spx",
    "spread_pct_skew",
    "dte_std",
    "spread_atm",
    "iv_std",
    "ohlc_range_pct",
    "ohlc_body_pct",
    "ohlc_atm_volume_share",
    "ohlc_otm_put_volume_share",
    "ohlc_total_volume_log",
    "ohlc_volume_momentum",
    "ohlc_avg_range_dispersion",
    "ohlc_call_put_range_ratio",
    "ohlc_vwap_moneyness",
    "ohlc_high_low_corr",
    "ohlc_close_open_skew",
    "ohlc_doji_pct",
    "ohlc_shooting_star_pct",
    "ohlc_gap_pct"
  ]
}