{
  "A": {
    "accuracy": 0.5139668775321629,
    "f1": 0.6789671361502347,
    "brier": 0.2527492642402649,
    "threshold": 0.3,
    "auc": 0.4861485793532437,
    "ic": -0.023982002385836334
  },
  "B": {
    "accuracy": 0.5136114862463572,
    "f1": 0.6784153390666855,
    "brier": 0.2543145418167114,
    "threshold": 0.4400000000000001,
    "auc": 0.49073956623583204,
    "ic": -0.01603328281536297
  },
  "C": {
    "accuracy": 0.5139668775321629,
    "f1": 0.6789671361502347,
    "brier": 0.25263720750808716,
    "threshold": 0.3,
    "auc": 0.5152152938731953,
    "ic": 0.026343378291408086
  },
  "K": {
    "accuracy": 0.5138957992750017,
    "f1": 0.6789051129160993,
    "brier": 0.25434643030166626,
    "threshold": 0.38000000000000006,
    "auc": 0.49721419982187287,
    "ic": -0.004823264575106309
  },
  "T": {
    "accuracy": 0.5131139384462293,
    "f1": 0.6782224727546036,
    "brier": 0.25732874870300293,
    "threshold": 0.3,
    "auc": 0.4930386595945951,
    "ic": -0.01205269022313166
  },
  "Q": {
    "accuracy": 0.5139668775321629,
    "f1": 0.6789671361502347,
    "brier": 0.25230246782302856,
    "threshold": 0.3,
    "auc": 0.5146078280245809,
    "ic": 0.025291627152500995
  }
}