{
  "agent_A_classifier": {
    "accuracy": 0.6196,
    "f1": 0.717,
    "auc": 0.7118,
    "ic": 0.363,
    "brier": 0.219157,
    "threshold": 0.35,
    "quintile_mean_returns_bp": {
      "q1": -13.126,
      "q2": -4.9894,
      "q3": -1.3531,
      "q4": 6.6786,
      "q5": 16.2057
    },
    "quintile_spread_bp": 29.3317,
    "confidence_buckets": {
      "conf>=0.0": {
        "accuracy": 0.6196,
        "f1": 0.717,
        "coverage": 1.0,
        "n": 85710
      },
      "conf>=0.2": {
        "accuracy": 0.6579,
        "f1": 0.721,
        "coverage": 0.637,
        "n": 54593
      },
      "conf>=0.4": {
        "accuracy": 0.8129,
        "f1": 0.8943,
        "coverage": 0.14,
        "n": 11997
      },
      "conf>=0.6": {
        "accuracy": 0.8471,
        "f1": 0.9172,
        "coverage": 0.0276,
        "n": 2368
      }
    },
    "n_params": 519032
  },
  "agent_B_classifier": {
    "accuracy": 0.6564,
    "f1": 0.7182,
    "auc": 0.724,
    "ic": 0.3814,
    "brier": 0.214463,
    "threshold": 0.37,
    "quintile_mean_returns_bp": {
      "q1": -13.7987,
      "q2": -7.3274,
      "q3": -0.3075,
      "q4": 10.1416,
      "q5": 14.7077
    },
    "quintile_spread_bp": 28.5064,
    "confidence_buckets": {
      "conf>=0.0": {
        "accuracy": 0.6564,
        "f1": 0.7182,
        "coverage": 1.0,
        "n": 85710
      },
      "conf>=0.2": {
        "accuracy": 0.6999,
        "f1": 0.718,
        "coverage": 0.6874,
        "n": 58918
      },
      "conf>=0.4": {
        "accuracy": 0.7824,
        "f1": 0.7928,
        "coverage": 0.3352,
        "n": 28730
      },
      "conf>=0.6": {
        "accuracy": 0.8235,
        "f1": 0.8527,
        "coverage": 0.0793,
        "n": 6795
      }
    },
    "n_params": 435523
  },
  "agent_K_classifier": {
    "accuracy": 0.6485,
    "f1": 0.7178,
    "auc": 0.716,
    "ic": 0.381,
    "brier": 0.218422,
    "threshold": 0.38,
    "quintile_mean_returns_bp": {
      "q1": -14.8079,
      "q2": -5.5331,
      "q3": 0.2644,
      "q4": 8.5355,
      "q5": 14.9568
    },
    "quintile_spread_bp": 29.7647,
    "confidence_buckets": {
      "conf>=0.0": {
        "accuracy": 0.6485,
        "f1": 0.7178,
        "coverage": 1.0,
        "n": 85710
      },
      "conf>=0.2": {
        "accuracy": 0.705,
        "f1": 0.715,
        "coverage": 0.6012,
        "n": 51533
      },
      "conf>=0.4": {
        "accuracy": 0.7886,
        "f1": 0.8132,
        "coverage": 0.2423,
        "n": 20771
      },
      "conf>=0.6": {
        "accuracy": 0.8077,
        "f1": 0.8753,
        "coverage": 0.0905,
        "n": 7757
      },
      "conf>=0.8": {
        "accuracy": 0.8322,
        "f1": 0.9083,
        "coverage": 0.0154,
        "n": 1323
      }
    },
    "n_params": 231076
  },
  "agent_C_classifier": {
    "accuracy": 0.6123,
    "f1": 0.694,
    "auc": 0.668,
    "ic": 0.2844,
    "brier": 0.230066,
    "threshold": 0.43,
    "quintile_mean_returns_bp": {
      "q1": -11.6345,
      "q2": -2.8645,
      "q3": 1.8113,
      "q4": 5.9086,
      "q5": 10.1949
    },
    "quintile_spread_bp": 21.8294,
    "confidence_buckets": {
      "conf>=0.0": {
        "accuracy": 0.6123,
        "f1": 0.694,
        "coverage": 1.0,
        "n": 85710
      },
      "conf>=0.2": {
        "accuracy": 0.7141,
        "f1": 0.7397,
        "coverage": 0.3854,
        "n": 33034
      },
      "conf>=0.4": {
        "accuracy": 0.7525,
        "f1": 0.7955,
        "coverage": 0.1193,
        "n": 10222
      },
      "conf>=0.6": {
        "accuracy": 0.8198,
        "f1": 0.8503,
        "coverage": 0.0248,
        "n": 2126
      }
    },
    "n_params": 545328
  },
  "agent_T_classifier": {
    "accuracy": 0.6387,
    "f1": 0.7085,
    "auc": 0.6789,
    "ic": 0.3373,
    "brier": 0.229136,
    "threshold": 0.43,
    "quintile_mean_returns_bp": {
      "q1": -16.1205,
      "q2": -2.4969,
      "q3": 2.4387,
      "q4": 4.8356,
      "q5": 14.7589
    },
    "quintile_spread_bp": 30.8794,
    "confidence_buckets": {
      "conf>=0.0": {
        "accuracy": 0.6387,
        "f1": 0.7085,
        "coverage": 1.0,
        "n": 85710
      },
      "conf>=0.2": {
        "accuracy": 0.7213,
        "f1": 0.6523,
        "coverage": 0.3698,
        "n": 31693
      },
      "conf>=0.4": {
        "accuracy": 0.7625,
        "f1": 0.7033,
        "coverage": 0.2132,
        "n": 18275
      },
      "conf>=0.6": {
        "accuracy": 0.7956,
        "f1": 0.7184,
        "coverage": 0.0958,
        "n": 8215
      },
      "conf>=0.8": {
        "accuracy": 0.8303,
        "f1": 0.504,
        "coverage": 0.0129,
        "n": 1102
      }
    },
    "n_params": 161500
  },
  "agent_Q_classifier": {
    "accuracy": 0.6571,
    "f1": 0.7165,
    "auc": 0.7208,
    "ic": 0.3861,
    "brier": 0.215408,
    "threshold": 0.38,
    "quintile_mean_returns_bp": {
      "q1": -15.8333,
      "q2": -6.9701,
      "q3": 1.9011,
      "q4": 10.2735,
      "q5": 14.0446
    },
    "quintile_spread_bp": 29.8778,
    "confidence_buckets": {
      "conf>=0.0": {
        "accuracy": 0.6571,
        "f1": 0.7165,
        "coverage": 1.0,
        "n": 85710
      },
      "conf>=0.2": {
        "accuracy": 0.7073,
        "f1": 0.715,
        "coverage": 0.6577,
        "n": 56373
      },
      "conf>=0.4": {
        "accuracy": 0.7682,
        "f1": 0.7522,
        "coverage": 0.3507,
        "n": 30058
      },
      "conf>=0.6": {
        "accuracy": 0.806,
        "f1": 0.7982,
        "coverage": 0.1042,
        "n": 8928
      },
      "conf>=0.8": {
        "accuracy": 0.9216,
        "f1": 0.9355,
        "coverage": 0.0006,
        "n": 51
      }
    },
    "n_params": 183692
  },
  "agent_2D_classifier": {
    "accuracy": 0.6357,
    "f1": 0.7098,
    "auc": 0.6838,
    "ic": 0.3358,
    "brier": 0.223707,
    "threshold": 0.38,
    "quintile_mean_returns_bp": {
      "q1": -15.1455,
      "q2": -4.2885,
      "q3": 3.0481,
      "q4": 5.2412,
      "q5": 14.5604
    },
    "quintile_spread_bp": 29.7059,
    "confidence_buckets": {
      "conf>=0.0": {
        "accuracy": 0.6357,
        "f1": 0.7098,
        "coverage": 1.0,
        "n": 85710
      },
      "conf>=0.2": {
        "accuracy": 0.6929,
        "f1": 0.6974,
        "coverage": 0.5608,
        "n": 48067
      },
      "conf>=0.4": {
        "accuracy": 0.746,
        "f1": 0.7169,
        "coverage": 0.3237,
        "n": 27742
      }
    },
    "n_params": 678469
  }
}