{
  "agent_A_classifier": {
    "accuracy": 0.519,
    "f1": 0.6833,
    "auc": 0.5534,
    "ic": 0.1255,
    "brier": 0.247238,
    "threshold": 0.3,
    "quintile_mean_returns_bp": {
      "q1": -4.8744,
      "q2": -0.8153,
      "q3": 0.7425,
      "q4": 1.4028,
      "q5": 5.0654
    },
    "quintile_spread_bp": 9.9398,
    "confidence_buckets": {
      "conf>=0.0": {
        "accuracy": 0.519,
        "f1": 0.6833,
        "coverage": 1.0,
        "n": 67754
      },
      "conf>=0.2": {
        "accuracy": 0.7108,
        "f1": 0.831,
        "coverage": 0.036,
        "n": 2438
      }
    },
    "n_params": 519032
  },
  "agent_B_classifier": {
    "accuracy": 0.5264,
    "f1": 0.6842,
    "auc": 0.5473,
    "ic": 0.1145,
    "brier": 0.247584,
    "threshold": 0.46,
    "quintile_mean_returns_bp": {
      "q1": -4.4444,
      "q2": -0.3675,
      "q3": 0.0329,
      "q4": -0.0913,
      "q5": 6.3916
    },
    "quintile_spread_bp": 10.836,
    "confidence_buckets": {
      "conf>=0.0": {
        "accuracy": 0.5264,
        "f1": 0.6842,
        "coverage": 1.0,
        "n": 67754
      },
      "conf>=0.2": {
        "accuracy": 0.7268,
        "f1": 0.7528,
        "coverage": 0.0083,
        "n": 560
      }
    },
    "n_params": 435523
  },
  "agent_K_classifier": {
    "accuracy": 0.5293,
    "f1": 0.6842,
    "auc": 0.552,
    "ic": 0.1121,
    "brier": 0.247568,
    "threshold": 0.4,
    "quintile_mean_returns_bp": {
      "q1": -5.6931,
      "q2": 0.4365,
      "q3": 0.8874,
      "q4": 0.6823,
      "q5": 5.208
    },
    "quintile_spread_bp": 10.901,
    "confidence_buckets": {
      "conf>=0.0": {
        "accuracy": 0.5293,
        "f1": 0.6842,
        "coverage": 1.0,
        "n": 67754
      },
      "conf>=0.2": {
        "accuracy": 0.6957,
        "f1": 0.6473,
        "coverage": 0.047,
        "n": 3184
      },
      "conf>=0.4": {
        "accuracy": 0.6542,
        "f1": 0.322,
        "coverage": 0.0102,
        "n": 694
      },
      "conf>=0.6": {
        "accuracy": 0.531,
        "f1": 0.0364,
        "coverage": 0.0033,
        "n": 226
      }
    },
    "n_params": 231076
  },
  "agent_C_classifier": {
    "accuracy": 0.519,
    "f1": 0.6833,
    "auc": 0.5157,
    "ic": 0.0459,
    "brier": 0.249296,
    "threshold": 0.3,
    "quintile_mean_returns_bp": {
      "q1": -0.9432,
      "q2": -0.3863,
      "q3": 0.025,
      "q4": 0.8674,
      "q5": 1.958
    },
    "quintile_spread_bp": 2.9013,
    "confidence_buckets": {
      "conf>=0.0": {
        "accuracy": 0.519,
        "f1": 0.6833,
        "coverage": 1.0,
        "n": 67754
      }
    },
    "n_params": 545328
  },
  "agent_T_classifier": {
    "accuracy": 0.5226,
    "f1": 0.6831,
    "auc": 0.5245,
    "ic": 0.0693,
    "brier": 0.24917,
    "threshold": 0.49,
    "quintile_mean_returns_bp": {
      "q1": -2.5253,
      "q2": -0.3447,
      "q3": -0.3722,
      "q4": 0.1239,
      "q5": 4.6394
    },
    "quintile_spread_bp": 7.1647,
    "confidence_buckets": {
      "conf>=0.0": {
        "accuracy": 0.5226,
        "f1": 0.6831,
        "coverage": 1.0,
        "n": 67754
      }
    },
    "n_params": 161500
  },
  "agent_Q_classifier": {
    "accuracy": 0.5231,
    "f1": 0.6843,
    "auc": 0.5503,
    "ic": 0.112,
    "brier": 0.247043,
    "threshold": 0.38,
    "quintile_mean_returns_bp": {
      "q1": -4.9749,
      "q2": -0.0804,
      "q3": 0.0193,
      "q4": 0.6768,
      "q5": 5.8803
    },
    "quintile_spread_bp": 10.8552,
    "confidence_buckets": {
      "conf>=0.0": {
        "accuracy": 0.5231,
        "f1": 0.6843,
        "coverage": 1.0,
        "n": 67754
      },
      "conf>=0.2": {
        "accuracy": 0.6207,
        "f1": 0.7275,
        "coverage": 0.0557,
        "n": 3775
      }
    },
    "n_params": 183692
  },
  "agent_2D_classifier": {
    "accuracy": 0.519,
    "f1": 0.6833,
    "auc": 0.5354,
    "ic": 0.0604,
    "brier": 0.249178,
    "threshold": 0.3,
    "quintile_mean_returns_bp": {
      "q1": -3.4381,
      "q2": -0.5492,
      "q3": 2.6719,
      "q4": 1.3333,
      "q5": 1.503
    },
    "quintile_spread_bp": 4.941,
    "confidence_buckets": {
      "conf>=0.0": {
        "accuracy": 0.519,
        "f1": 0.6833,
        "coverage": 1.0,
        "n": 67754
      }
    },
    "n_params": 678469
  }
}