{
  "A": {
    "accuracy": 0.6299916347466209,
    "f1": 0.6952790737025308,
    "brier": 0.23224247992038727,
    "threshold": 0.4100000000000001,
    "auc": 0.685275859189528,
    "ic": 0.32060692498704235
  },
  "B": {
    "accuracy": 0.622844479666564,
    "f1": 0.6994374466392992,
    "brier": 0.2326209396123886,
    "threshold": 0.4300000000000001,
    "auc": 0.6856805220041725,
    "ic": 0.32130716570524753
  },
  "C": {
    "accuracy": 0.5932872510603325,
    "f1": 0.6879553208498947,
    "brier": 0.23549702763557434,
    "threshold": 0.4300000000000001,
    "auc": 0.6662903318429805,
    "ic": 0.2877537968546095
  },
  "K": {
    "accuracy": 0.6356271738651873,
    "f1": 0.6845716028051632,
    "brier": 0.23347526788711548,
    "threshold": 0.4300000000000001,
    "auc": 0.6836346001174485,
    "ic": 0.3177668408743835
  },
  "T": {
    "accuracy": 0.6096655366236663,
    "f1": 0.6637419876860058,
    "brier": 0.240945503115654,
    "threshold": 0.4400000000000001,
    "auc": 0.6454274237838366,
    "ic": 0.25165199261423865
  },
  "Q": {
    "accuracy": 0.6266602092780933,
    "f1": 0.6964211129276704,
    "brier": 0.23282687366008759,
    "threshold": 0.4200000000000001,
    "auc": 0.6845163726005479,
    "ic": 0.3192926865271613
  }
}