{
  "A": {
    "accuracy": 0.6282972776172692,
    "f1": 0.7159359152717318,
    "brier": 0.2259829193353653,
    "threshold": 0.4000000000000001,
    "auc": 0.7148893402611487,
    "ic": 0.3715849373187762
  },
  "B": {
    "accuracy": 0.6455499964766401,
    "f1": 0.716710158259335,
    "brier": 0.22467172145843506,
    "threshold": 0.4100000000000001,
    "auc": 0.7204678181004756,
    "ic": 0.3812311968109525
  },
  "C": {
    "accuracy": 0.6395133065557983,
    "f1": 0.7053243985330543,
    "brier": 0.22901616990566254,
    "threshold": 0.48000000000000015,
    "auc": 0.6915837419130346,
    "ic": 0.33128508209667423
  },
  "K": {
    "accuracy": 0.6456556972729195,
    "f1": 0.7170681845888388,
    "brier": 0.22276319563388824,
    "threshold": 0.4300000000000001,
    "auc": 0.715658842678594,
    "ic": 0.3729155547758724
  },
  "T": {
    "accuracy": 0.6469006177624316,
    "f1": 0.7106157296449231,
    "brier": 0.23467044532299042,
    "threshold": 0.47000000000000014,
    "auc": 0.6848018523407577,
    "ic": 0.3195578926119181
  },
  "Q": {
    "accuracy": 0.6463368801822752,
    "f1": 0.7164153804137983,
    "brier": 0.2258272022008896,
    "threshold": 0.4400000000000001,
    "auc": 0.7169022141165684,
    "ic": 0.3750655827732242
  }
}