{
  "A": {
    "accuracy": 0.6360655266147939,
    "f1": 0.7163801026698648,
    "brier": 0.22739563882350922,
    "threshold": 0.4100000000000001,
    "auc": 0.7174234037173602,
    "ic": 0.37597430708091867
  },
  "B": {
    "accuracy": 0.6606164334306548,
    "f1": 0.7191067411049079,
    "brier": 0.22518038749694824,
    "threshold": 0.4400000000000001,
    "auc": 0.7220679615393317,
    "ic": 0.3840057994543953
  },
  "C": {
    "accuracy": 0.6309597434164161,
    "f1": 0.7114469822205729,
    "brier": 0.22825807332992554,
    "threshold": 0.4500000000000001,
    "auc": 0.6907178163472998,
    "ic": 0.32979429823657963
  },
  "K": {
    "accuracy": 0.6457449409598872,
    "f1": 0.7151596452071745,
    "brier": 0.22341284155845642,
    "threshold": 0.4300000000000001,
    "auc": 0.7158046802035563,
    "ic": 0.3731751675164255
  },
  "T": {
    "accuracy": 0.641200074788937,
    "f1": 0.7106822688948937,
    "brier": 0.23313091695308685,
    "threshold": 0.46000000000000013,
    "auc": 0.686835732320027,
    "ic": 0.3230812957397342
  },
  "Q": {
    "accuracy": 0.6468667750147421,
    "f1": 0.7140511267687649,
    "brier": 0.2268781214952469,
    "threshold": 0.4500000000000001,
    "auc": 0.7167526321851161,
    "ic": 0.37481439118522486
  }
}