{
  "mlp": {
    "accuracy": 0.5725,
    "f1": 0.5444,
    "auc": 0.6005,
    "ic": 0.1984,
    "confidence_buckets": {
      "conf>=0.0": {
        "accuracy": 0.5725,
        "coverage": 1.0,
        "n": 132476
      },
      "conf>=0.2": {
        "accuracy": 0.5958,
        "coverage": 0.6544,
        "n": 86694
      },
      "conf>=0.4": {
        "accuracy": 0.6002,
        "coverage": 0.3429,
        "n": 45425
      },
      "conf>=0.6": {
        "accuracy": 0.5998,
        "coverage": 0.1829,
        "n": 24229
      },
      "conf>=0.8": {
        "accuracy": 0.6079,
        "coverage": 0.072,
        "n": 9537
      }
    },
    "val_acc": 0.5536625501977717
  },
  "stacking": {
    "accuracy": 0.5769,
    "f1": 0.5466,
    "auc": 0.6034,
    "ic": 0.202,
    "confidence_buckets": {
      "conf>=0.0": {
        "accuracy": 0.5769,
        "coverage": 1.0,
        "n": 132476
      },
      "conf>=0.2": {
        "accuracy": 0.598,
        "coverage": 0.6349,
        "n": 84105
      },
      "conf>=0.4": {
        "accuracy": 0.5994,
        "coverage": 0.2934,
        "n": 38865
      },
      "conf>=0.6": {
        "accuracy": 0.6091,
        "coverage": 0.1518,
        "n": 20109
      },
      "conf>=0.8": {
        "accuracy": 0.5924,
        "coverage": 0.0725,
        "n": 9609
      }
    },
    "val_acc": 0.5552779371357831
  },
  "feature_importance": {
    "s1_A": 0.0048,
    "s1_B": 0.0085,
    "s1_C": 0.0083,
    "s1_K": 0.0243,
    "s1_T": 0.1453,
    "s1_Q": -0.504,
    "s1_2D": 0.0083,
    "s2_SPY_A": -0.1443,
    "s2_SPY_B": 0.0899,
    "s2_SPY_C": 0.3577,
    "s2_SPY_K": 0.1543,
    "s2_SPY_T": -0.1359,
    "s2_SPY_Q": -0.1744,
    "s2_SPY_2D": 0.1516,
    "s2_QQQ_A": -0.1611,
    "s2_QQQ_B": -0.0687,
    "s2_QQQ_C": -0.2434,
    "s2_QQQ_K": -0.1328,
    "s2_QQQ_T": 0.8296,
    "s2_QQQ_Q": 0.1259,
    "s2_QQQ_2D": -0.0353,
    "s2_IWM_A": 0.3611,
    "s2_IWM_B": -0.0567,
    "s2_IWM_C": -0.1427,
    "s2_IWM_K": -0.2277,
    "s2_IWM_T": -0.1083,
    "s2_IWM_Q": 0.0198,
    "s2_IWM_2D": 0.245,
    "s2_TLT_A": 0.6116,
    "s2_TLT_B": -0.0998,
    "s2_TLT_C": 0.1153,
    "s2_TLT_K": -0.1085,
    "s2_TLT_T": -0.2928,
    "s2_TLT_Q": 0.0177,
    "s2_TLT_2D": -0.0344,
    "s2_VIXW_A": 0.0186,
    "s2_VIXW_B": 0.6024,
    "s2_VIXW_C": -0.0176,
    "s2_VIXW_K": 0.1053,
    "s2_VIXW_T": -0.0059,
    "s2_VIXW_Q": -0.0063,
    "s2_VIXW_2D": -0.0042
  }
}