{
  "best_method": "vix_gated",
  "agents_used": [
    "A",
    "B",
    "C",
    "K",
    "T",
    "Q",
    "2D"
  ],
  "n_val": 69528,
  "n_test": 69529,
  "meta_input_dim": 13,
  "enable_vix_gated": true,
  "vix_data_root": "/workspace/data/tier3_vix_v4/VIXW",
  "val_selection_scores": {
    "avg_agents": 1.3228570278937917,
    "logreg_C=0.01": 1.3249201576382919,
    "logreg_C=0.1": 1.3214997955735832,
    "mlp": 1.3195149453302666,
    "vix_gated": 1.335283731902146
  },
  "all_results": {
    "avg_agents": {
      "name": "Simple Avg (7 agents)",
      "val": {
        "accuracy": 0.6088913818893108,
        "f1": 0.713965646004481,
        "brier": 0.23510758578777313,
        "threshold": 0.48000000000000015,
        "auc": 0.6743909199341764,
        "ic": 0.3013434499519972
      },
      "test": {
        "accuracy": 0.6606739633821859,
        "f1": 0.7016527776021447,
        "brier": 0.22723762691020966,
        "threshold": 0.48000000000000015,
        "auc": 0.7175032920006076,
        "ic": 0.3761124520151006
      }
    },
    "logreg_C=0.01": {
      "name": "LogReg (C=0.01)",
      "val": {
        "accuracy": 0.6105741571740881,
        "f1": 0.7143460004642036,
        "brier": 0.22618466897090997,
        "threshold": 0.35000000000000003,
        "auc": 0.6778827975850998,
        "ic": 0.3073773332419257
      },
      "test": {
        "accuracy": 0.6600267514274619,
        "f1": 0.6986640150935699,
        "brier": 0.22324780042723336,
        "threshold": 0.35000000000000003,
        "auc": 0.7179331638663956,
        "ic": 0.37685579782685874
      }
    },
    "logreg_C=0.1": {
      "name": "LogReg (C=0.1)",
      "val": {
        "accuracy": 0.6060004602462318,
        "f1": 0.7154993353273513,
        "brier": 0.22513660720038808,
        "threshold": 0.32,
        "auc": 0.6793199102177238,
        "ic": 0.3098606304161391
      },
      "test": {
        "accuracy": 0.6608609357246616,
        "f1": 0.7152380262299833,
        "brier": 0.22093002134238365,
        "threshold": 0.32,
        "auc": 0.7219209452989727,
        "ic": 0.38375157507650315
      }
    },
    "mlp": {
      "name": "MLP",
      "val": {
        "accuracy": 0.6064607064779657,
        "f1": 0.7130542388523009,
        "brier": 0.24517671763896942,
        "threshold": 0.5000000000000002,
        "auc": 0.6732708437387852,
        "ic": 0.299407984425364
      },
      "test": {
        "accuracy": 0.6572077838024422,
        "f1": 0.6974689649920033,
        "brier": 0.2436182200908661,
        "threshold": 0.5000000000000002,
        "auc": 0.7081000108066179,
        "ic": 0.3598520492387518
      }
    },
    "vix_gated": {
      "name": "VIX Regime-Gated Fusion",
      "val": {
        "accuracy": 0.595429179611092,
        "f1": 0.7147594179384475,
        "brier": 0.24313217401504517,
        "threshold": 0.47000000000000014,
        "auc": 0.6773749882640872,
        "ic": 0.3064998505618127
      },
      "test": {
        "accuracy": 0.6484200837060795,
        "f1": 0.7200366489148485,
        "brier": 0.2399914413690567,
        "threshold": 0.47000000000000014,
        "auc": 0.7205546880524248,
        "ic": 0.38138900687228816
      },
      "val_monitor": {
        "accuracy": 0.6054539178460476,
        "f1": 0.7298298140560984,
        "brier": 0.243933767080307,
        "threshold": 0.47000000000000014,
        "auc": 0.6682312023703083,
        "ic": 0.28934342800901564
      },
      "gate_means_test": {
        "A": 0.9849633574485779,
        "B": 0.9839857816696167,
        "C": 0.985093891620636,
        "K": 0.9830718040466309,
        "T": 0.9879410862922668,
        "Q": 0.9840215444564819,
        "2D": 0.013537706807255745
      }
    }
  }
}