{
  "A": {
    "accuracy": 0.4686142913541255,
    "f1": 0.6268367064042141,
    "brier": 0.2634374499320984,
    "threshold": 0.3,
    "auc": 0.5005585023059657,
    "ic": 0.0009661184766654904
  },
  "B": {
    "accuracy": 0.47374654559810503,
    "f1": 0.6429145459416019,
    "brier": 0.2592717111110687,
    "threshold": 0.3,
    "auc": 0.5022119574261625,
    "ic": 0.0038263278705244767
  },
  "C": {
    "accuracy": 0.43545203316225817,
    "f1": 0.574468085106383,
    "brier": 0.2595198452472687,
    "threshold": 0.48000000000000015,
    "auc": 0.4718265334105244,
    "ic": -0.048735531321110054
  },
  "K": {
    "accuracy": 0.47473351756810106,
    "f1": 0.6438227814214964,
    "brier": 0.2520248293876648,
    "threshold": 0.3,
    "auc": 0.5166950273489168,
    "ic": 0.02887969166779083
  },
  "T": {
    "accuracy": 0.47433872878010264,
    "f1": 0.6434596331503548,
    "brier": 0.26876404881477356,
    "threshold": 0.3,
    "auc": 0.49028043089486156,
    "ic": -0.016813279367644193
  },
  "Q": {
    "accuracy": 0.47473351756810106,
    "f1": 0.6438227814214964,
    "brier": 0.25678202509880066,
    "threshold": 0.4200000000000001,
    "auc": 0.49480388158516686,
    "ic": -0.008988442758567554
  }
}