{
  "best_method": "logreg_C=0.01",
  "agents_used": [
    "A",
    "B",
    "C",
    "K",
    "T",
    "Q",
    "2D"
  ],
  "n_val": 69528,
  "n_test": 69529,
  "meta_input_dim": 13,
  "horizon": 30,
  "val_selection_scores": {
    "avg_agents": 1.3044961433534943,
    "logreg_C=0.01": 1.3303426995867431,
    "logreg_C=0.1": 1.3285813705816103,
    "logreg_C=1.0": 1.3218462079409863,
    "mlp": 1.3137259261051701
  },
  "all_results": {
    "avg_agents": {
      "name": "Simple Avg",
      "val": {
        "accuracy": 0.5900644344724427,
        "f1": 0.7144317088810516,
        "brier": 0.23423153162002563,
        "threshold": 0.4400000000000001,
        "auc": 0.6757758991879905,
        "ic": 0.3037366618608896
      },
      "test": {
        "accuracy": 0.6370866832544694,
        "f1": 0.7188993482983346,
        "brier": 0.22676075994968414,
        "threshold": 0.4400000000000001,
        "auc": 0.7180826646825036,
        "ic": 0.37711431859824024
      }
    },
    "logreg_C=0.01": {
      "name": "LogReg C=0.01",
      "val": {
        "accuracy": 0.6167155678287884,
        "f1": 0.7136271317579548,
        "brier": 0.22586446998995108,
        "threshold": 0.36000000000000004,
        "auc": 0.6780252151783823,
        "ic": 0.3076234275277376
      },
      "test": {
        "accuracy": 0.6602856362093515,
        "f1": 0.6943502678640752,
        "brier": 0.22257825171155274,
        "threshold": 0.36000000000000004,
        "auc": 0.7179343600821171,
        "ic": 0.3768578663547598
      }
    },
    "logreg_C=0.1": {
      "name": "LogReg C=0.1",
      "val": {
        "accuracy": 0.6136664365435508,
        "f1": 0.7149149340380595,
        "brier": 0.2248979461386347,
        "threshold": 0.34,
        "auc": 0.6802357688722347,
        "ic": 0.3114432128505952
      },
      "test": {
        "accuracy": 0.6622272720735233,
        "f1": 0.7091388727196165,
        "brier": 0.22043830935222528,
        "threshold": 0.34,
        "auc": 0.7211570781329426,
        "ic": 0.38243067574580514
      }
    },
    "logreg_C=1.0": {
      "name": "LogReg C=1.0",
      "val": {
        "accuracy": 0.604519042687838,
        "f1": 0.7173271652531483,
        "brier": 0.22445288303325078,
        "threshold": 0.3,
        "auc": 0.6817428399450642,
        "ic": 0.3140473965809009
      },
      "test": {
        "accuracy": 0.6484200837060795,
        "f1": 0.7207466556998755,
        "brier": 0.21979743752567207,
        "threshold": 0.3,
        "auc": 0.7207538347264195,
        "ic": 0.38173337656936246
      }
    },
    "mlp": {
      "name": "MLP",
      "val": {
        "accuracy": 0.6004487400759406,
        "f1": 0.7132771860292296,
        "brier": 0.22838245332241058,
        "threshold": 0.31,
        "auc": 0.6741619895639017,
        "ic": 0.30094786360162196
      },
      "test": {
        "accuracy": 0.6537272217348157,
        "f1": 0.7043495345924307,
        "brier": 0.2279968559741974,
        "threshold": 0.31,
        "auc": 0.7166620016190501,
        "ic": 0.3746576704105893
      }
    }
  }
}