{
  "agent_A_classifier": {
    "accuracy": 0.5024,
    "f1": 0.4416,
    "auc": 0.488,
    "ic": -0.0122,
    "brier": 0.252689,
    "threshold": 0.54,
    "quintile_mean_returns_bp": {
      "q1": 0.7219,
      "q2": -1.2307,
      "q3": -0.986,
      "q4": -0.8129,
      "q5": -0.8117
    },
    "quintile_spread_bp": -1.5336,
    "confidence_buckets": {
      "conf>=0.0": {
        "accuracy": 0.5024,
        "f1": 0.4416,
        "coverage": 1.0,
        "n": 23401
      },
      "conf>=0.2": {
        "accuracy": 0.5225,
        "f1": 0.6864,
        "coverage": 0.0123,
        "n": 289
      }
    },
    "n_params": 519032
  },
  "agent_B_classifier": {
    "accuracy": 0.5044,
    "f1": 0.1459,
    "auc": 0.4898,
    "ic": 0.0093,
    "brier": 0.250926,
    "threshold": 0.53,
    "quintile_mean_returns_bp": {
      "q1": -0.3489,
      "q2": -1.4304,
      "q3": -1.8782,
      "q4": -0.6376,
      "q5": 1.1759
    },
    "quintile_spread_bp": 1.5247,
    "confidence_buckets": {
      "conf>=0.0": {
        "accuracy": 0.5044,
        "f1": 0.1459,
        "coverage": 1.0,
        "n": 23401
      }
    },
    "n_params": 435523
  },
  "agent_K_classifier": {
    "accuracy": 0.5088,
    "f1": 0.4353,
    "auc": 0.5103,
    "ic": 0.0125,
    "brier": 0.250385,
    "threshold": 0.52,
    "quintile_mean_returns_bp": {
      "q1": -0.7825,
      "q2": -0.6004,
      "q3": -0.5876,
      "q4": -0.0015,
      "q5": -1.1471
    },
    "quintile_spread_bp": -0.3646,
    "confidence_buckets": {
      "conf>=0.0": {
        "accuracy": 0.5088,
        "f1": 0.4353,
        "coverage": 1.0,
        "n": 23401
      }
    },
    "n_params": 231076
  },
  "agent_C_classifier": {
    "accuracy": 0.4756,
    "f1": 0.6126,
    "auc": 0.5041,
    "ic": 0.0014,
    "brier": 0.254915,
    "threshold": 0.51,
    "quintile_mean_returns_bp": {
      "q1": 1.4116,
      "q2": -1.0323,
      "q3": -2.1449,
      "q4": -1.862,
      "q5": 0.5081
    },
    "quintile_spread_bp": -0.9035,
    "confidence_buckets": {
      "conf>=0.0": {
        "accuracy": 0.4756,
        "f1": 0.6126,
        "coverage": 1.0,
        "n": 23401
      },
      "conf>=0.2": {
        "accuracy": 0.533,
        "f1": 0.6953,
        "coverage": 0.1471,
        "n": 3443
      }
    },
    "n_params": 545328
  },
  "agent_T_classifier": {
    "accuracy": 0.4907,
    "f1": 0.6107,
    "auc": 0.4945,
    "ic": -0.0157,
    "brier": 0.251964,
    "threshold": 0.51,
    "quintile_mean_returns_bp": {
      "q1": 0.8867,
      "q2": -1.1067,
      "q3": -1.2014,
      "q4": -0.7565,
      "q5": -0.9417
    },
    "quintile_spread_bp": -1.8283,
    "confidence_buckets": {
      "conf>=0.0": {
        "accuracy": 0.4907,
        "f1": 0.6107,
        "coverage": 1.0,
        "n": 23401
      }
    },
    "n_params": 161500
  },
  "agent_Q_classifier": {
    "accuracy": 0.4972,
    "f1": 0.6004,
    "auc": 0.4946,
    "ic": 0.0057,
    "brier": 0.252186,
    "threshold": 0.51,
    "quintile_mean_returns_bp": {
      "q1": -0.7028,
      "q2": -1.1273,
      "q3": -0.5149,
      "q4": -0.996,
      "q5": 0.2219
    },
    "quintile_spread_bp": 0.9247,
    "confidence_buckets": {
      "conf>=0.0": {
        "accuracy": 0.4972,
        "f1": 0.6004,
        "coverage": 1.0,
        "n": 23401
      }
    },
    "n_params": 183692
  },
  "agent_2D_classifier": {
    "accuracy": 0.5003,
    "f1": 0.2067,
    "auc": 0.5133,
    "ic": 0.0217,
    "brier": 0.250726,
    "threshold": 0.53,
    "quintile_mean_returns_bp": {
      "q1": -2.1061,
      "q2": -1.2327,
      "q3": 0.5604,
      "q4": 0.0878,
      "q5": -0.4283
    },
    "quintile_spread_bp": 1.6778,
    "confidence_buckets": {
      "conf>=0.0": {
        "accuracy": 0.5003,
        "f1": 0.2067,
        "coverage": 1.0,
        "n": 23401
      }
    },
    "n_params": 678469
  }
}